Andre,Hernandez,pulgamecanica@gmail.com,55562342,2022-04-14 01:16:48 +0100
Maryam,Balistreri,octavio.stracke@bergnaum.info,(728) 947-8266,2022-06-23
Jeannetta,Ernser,agueda.stiedemann@zemlak.io,(351) 919-6174,2022-07-17
Brooks,Powlowski,reggie_leannon@marks-willms.org,881.545.1026,2022-08-22
Orville,Little,rene@dooley.io,730.951.6099,2022-08-19
Tula,Hilll,allison_keebler@powlowski.io,(860) 598-2600,2022-10-22
Shirly,Casper,louis@stroman-littel.info,117-612-1840,2022-11-17
Oren,Shields,heriberto@bins-bashirian.net,348-063-3718,2022-04-26
Connie,Harris,juli_rowe@tremblay.com,(943) 324-6910,2022-11-04
Jean,Kessler,marco.denesik@kozey.name,847.750.0986,2022-11-18
