Andre,Hernandez,pulgamecanica@gmail.com,55562342,2022-04-14 01:18:19 +0100
Candy,Gutmann,marylee_farrell@gleason-gibson.biz,(817) 752-9856,2022-08-17
Zora,Abernathy,soila_cole@rutherford-olson.info,768.291.3965,2023-02-02
Telma,Daugherty,jaime_reinger@murphy.io,(184) 860-9316,2023-03-03
Penny,Macejkovic,meg@sporer-koch.net,(256) 356-3493,2022-09-21
Thanh,Moore,latashia@bauch.io,1-750-048-7775,2022-10-05
Katlyn,Von,frank_luettgen@kirlin.co,243-549-3573,2022-05-11
Dwain,Lehner,caprice_kuhlman@brown.io,(216) 538-7941,2022-08-03
Kieth,Nikolaus,laurence@watsica.biz,(923) 681-4442,2023-03-28
Robbyn,Murazik,mason_runolfsson@bahringer.net,1-446-033-7116,2023-03-22
